normal_x,normal_y,normal_z
0.527313,-0.840729,0.100494

x,y,z
-0.467590,-1.101776,-0.519043
0.297729,-0.368866,-0.671967
-0.203033,-1.259613,-0.592987
0.641113,0.429230,0.817963
0.360596,0.110657,-0.677612
-0.247162,-1.024261,-0.600067
0.150513,-0.942657,0.926575
0.322906,-0.866882,-0.741455
0.206024,-1.026062,0.231506
0.804352,-0.121063,-0.455048
0.943420,-0.444641,1.051697
-0.121979,-0.882263,-0.896210
0.503082,0.195557,-0.969238
-0.437286,-0.714630,0.949799
0.639435,0.211456,0.284332
0.713440,0.183990,0.864014
-0.515259,-0.612274,0.952087
-0.314178,-1.118225,-0.644928
0.860138,0.168030,0.965790
-0.581573,-0.451050,-0.233978
0.903900,-0.373779,0.459534
-0.388458,-0.445801,0.968353
-0.226990,-1.350433,-0.352997
0.212738,-0.540222,0.795349
-0.737762,-0.662201,0.085358
1.025055,0.173309,0.631622
0.042908,-0.058746,0.772400
0.407349,-0.228760,0.049652
-0.511688,-0.945038,0.418793
0.141357,-1.077118,-0.881897
-0.569550,-0.452881,0.501648
-0.051666,-1.179230,-0.518036
-0.785767,-0.581451,0.975067
-0.426270,-0.992859,0.871582
-0.249329,-1.166809,-0.046021
0.455048,-0.057739,-0.203461
0.247467,-0.121521,-0.845947
0.863281,-0.613647,-0.274475
0.994049,-0.576477,-0.177551
0.841797,-0.659912,-0.875305
-0.443085,-0.260345,0.549286
0.294342,0.098816,0.831818
-0.234039,-1.327850,0.019806
-0.319000,-0.923096,0.996521
0.913696,-0.181366,-0.746185
0.343811,0.038239,-0.272797
-0.706329,-0.733459,-0.222076
-0.450226,-1.068420,-0.168823
-0.364685,-0.810913,-0.879272
1.097198,-0.307281,-0.054535
-0.112579,-1.234100,-0.139038
0.986572,-0.198608,-0.054718
-0.611725,-0.619843,0.959320
0.757568,0.282867,-0.940033
0.379822,-0.672058,-0.133270
-0.453979,-0.417297,-0.751923
-0.457367,-0.419678,0.920715
0.070190,-0.267548,-0.442505
0.940186,-0.007355,-0.124146
0.381653,-0.024231,-0.007416
0.241821,-0.751282,-0.831268
-0.251678,-0.605865,0.226624
0.239136,-0.914490,-0.000549
0.083649,-0.999084,0.751221
0.014771,-0.629578,-0.294342
0.873901,0.231293,-0.427490
0.629425,-0.115814,0.385437
-0.345581,-0.938934,0.199768
0.919525,-0.087616,0.013397
0.648468,-0.757355,-0.139343
0.612701,-0.446228,-0.293457
0.953308,0.183197,0.467712
0.589996,-0.571899,0.341644
0.300140,-0.567474,0.644531
-0.238403,-0.437927,-0.864227
1.071991,-0.410553,-0.031525
-0.153595,-0.684814,-0.203125
1.071106,-0.333160,0.911316
0.174194,-0.285217,1.016418
0.817841,0.265381,-0.202606
0.308441,-0.766754,-0.292053
0.447510,0.236053,0.398895
0.822021,-0.150879,0.358643
0.815826,0.004944,-0.205719
-0.195404,-1.101837,0.220642
0.274872,-0.171417,-0.483917
0.585480,-0.610352,-0.775360
0.275543,-0.437012,-0.717957
0.274963,-0.288574,0.946381
0.803009,-0.078766,1.007263
0.367462,0.268738,0.955505
0.046692,-0.632507,0.310669
-0.237732,-1.250580,0.289703
-0.121063,-0.767761,0.355347
0.727142,-0.503082,0.439087
-0.602844,-0.715240,-0.643677
0.277008,-0.731415,-0.598175
-0.242126,-0.905151,-0.301178
0.313141,-0.856171,0.832123
1.074127,-0.092377,0.569427
1.064575,-0.410431,-0.789856
-0.166412,-0.984131,-0.388275
-0.101135,-0.869537,-0.738007
-0.159424,-1.083954,0.864563
-0.161163,-1.336792,-0.885864
0.682220,-0.637665,0.106934
1.136047,-0.172302,0.329926
-0.032867,-0.205109,0.128387
-0.305328,-1.123718,-0.457520
1.010986,-0.207092,-0.069489
-0.107544,-0.828461,0.295746
0.334900,-0.674744,0.772949
-0.741730,-0.457245,0.438538
-0.307312,-1.368530,-0.516083
0.499969,-0.015656,0.124115
0.348083,-0.833710,-0.061890
0.982269,-0.027496,-0.755981
0.703125,-0.152740,0.616638
0.099213,-0.122345,0.124359
0.478668,-0.652130,-0.196472
-0.254639,-1.011719,-0.806061
0.103577,-0.346375,0.992737
-0.153564,-0.552704,-0.674316
-0.173218,-0.837952,0.040436
0.515045,-0.686310,-0.066498
0.735901,-0.031128,-0.536224
0.179626,-0.784149,-0.906921
0.136688,-0.562988,-0.434082
-0.308594,-0.758057,-0.707397
0.339874,0.300049,0.830536
-0.682037,-0.761780,-0.636993
-0.663544,-0.591431,0.776215
0.597198,-0.540436,-0.800629
0.870056,-0.448639,-0.414337
1.085052,-0.050812,0.261475
0.552673,-0.088989,-0.286957
0.556244,-0.043427,0.859711
-0.367889,-0.743744,0.896484
0.353516,-0.136108,-0.857788
-0.468140,-0.569092,-0.824707
0.455109,-0.277100,0.917603
0.489136,-0.197937,0.790222
-0.093384,0.010132,0.770020
-0.178986,-0.857025,-0.436401
1.177460,-0.421936,0.140503
-0.174103,-1.188995,-0.190491
-0.183685,-0.109161,0.871399
1.065125,-0.214203,0.522766
0.712189,0.276459,0.872467
0.586090,0.272400,0.140808
0.344635,-0.229828,-0.568665
0.182129,-0.999847,0.455597
0.771667,0.292694,-0.463684
-0.544067,-0.858704,0.508728
-0.510040,-0.717621,-0.086517
-0.346619,-0.272491,-0.347565
-0.351746,-0.533844,-0.831970
0.143860,-0.038330,0.539001
0.360718,-0.134460,0.707855
-0.276764,-1.100281,0.422211
0.999359,-0.361481,0.210083
-0.666107,-0.553772,-0.938599
0.633179,0.426880,0.252228
0.787079,0.448822,0.361145
0.434814,-0.936096,-0.691772
0.996918,0.182434,0.267853
-0.155945,-0.391357,0.285339
0.178406,0.212311,0.946808
0.262970,-0.152283,0.378296
-0.011017,-0.295013,0.619995
-0.491638,-0.993805,0.734711
0.677399,-0.133057,-0.938812
1.307892,-0.274963,-0.685364
0.761597,-0.314972,0.342499
-0.160431,-0.956665,0.727661
0.245178,-0.306244,-0.767517
0.450928,-0.356659,-0.530121
-0.300232,-0.632965,-0.125732
1.080078,0.115540,-0.933746
-0.136139,-1.228912,0.182434
0.229889,0.220581,0.838837
-0.425446,-0.430481,0.895752
0.086243,-0.528748,-0.439667
-0.321106,-0.842773,0.584167
-0.170685,-0.491425,-0.293793
-0.482788,-1.089966,0.769867
-0.117126,-0.431854,0.806427
0.836578,-0.493011,0.236023
1.086945,-0.153809,0.952789
1.004517,-0.443176,0.239502
-0.191193,-1.024445,0.259583
0.444000,-0.155396,-0.747864
0.028931,-1.253937,-0.769745
0.537964,-0.905457,-0.869751
0.092651,-0.590149,1.048798
0.021027,-0.280609,-0.091980
-0.602081,-0.527802,0.161194
0.151581,-0.442780,-0.552307
0.295135,-0.942902,0.354034
0.438507,0.163025,0.689667
0.540649,0.290863,0.886139
-0.177307,-0.610413,0.504242
0.212555,-0.285919,0.799683
0.137512,-0.211548,-0.412262
-0.425049,-0.640442,0.817047
0.220703,-0.940033,0.642731
-0.346649,-0.839478,0.063599
0.936920,0.208252,0.051117
0.900818,0.030640,-0.728973
-0.248596,-0.952545,0.614319
0.286652,-0.680603,0.531067
1.292480,-0.304993,0.076782
0.575409,-0.728973,-0.588409
0.787231,-0.597046,-0.068481
-0.115936,-0.465118,-0.629425
0.064178,-0.142883,0.072571
-0.146393,-0.811859,-0.456665
-0.152405,-0.358704,0.155670
-0.372650,-0.552673,-0.484467
-0.616638,-0.533234,0.135101
0.089233,-0.000244,0.643219
-0.151337,-0.727753,0.805176
1.238770,-0.312866,-0.888428
0.524048,-0.053680,0.427032
-0.183533,-1.240051,-0.205597
0.151794,-0.001282,-0.510986
0.722198,-0.042175,-0.558624
0.575287,-0.595581,0.225067
0.654572,0.072906,0.618744
0.995514,-0.127106,-0.683319
-0.353973,-0.361206,0.256805
-0.004639,-1.097321,0.438812
0.022400,-1.020721,-0.085663
0.675049,-0.590240,-0.635193
0.950714,0.119263,-0.761780
0.308075,-0.523499,0.839325
-0.033722,-0.918640,0.133148
0.919983,-0.584320,-0.319519
0.099701,-0.624023,0.539581
0.980530,0.232544,0.814545
0.846710,0.053680,0.258728
0.445068,0.040314,0.198425
-0.078552,-0.427063,0.486511
0.750763,-0.372955,0.286682
-0.223480,-0.722473,0.646118
-0.553986,-0.508728,0.308563
-0.564331,-0.366394,0.839569
0.871094,-0.325226,-0.272919
0.105499,-0.656158,-0.022888
0.380035,-0.800415,1.006866
0.833313,0.440063,0.637665
-0.724030,-0.462128,0.765930
0.396057,-0.859283,0.033325
-0.532837,-0.902863,0.446533
0.052612,-0.358887,0.717987
0.476013,-0.570709,-0.182495
-0.142731,-0.995514,0.673096
0.644318,-0.538910,0.960876
-0.619690,-0.462952,0.746124
-0.544861,-0.453522,0.734558
-0.371521,-1.042206,0.378510
0.972229,-0.072510,-0.046570
0.117493,-0.550873,-0.923309
-0.005432,-1.017029,-0.352417
0.216888,-0.893799,-0.417908
0.505585,-0.411591,1.047119
0.721100,0.511047,0.498505
0.945099,0.154388,0.456696
0.659302,-0.557220,1.025848
-0.213684,-1.218353,-0.283661
0.179199,-0.111145,-0.164490
0.044830,-0.601074,0.308258
-0.268250,-0.838867,-0.812378
0.594116,-0.405457,-0.618591
1.038849,-0.410278,-0.682953
1.263763,-0.334076,-0.486664
0.746277,0.265259,0.925140
-0.519196,-0.863678,-0.163788
0.061035,-0.055206,-0.685394
-0.154114,-0.483093,-0.139099
0.274353,-1.016968,-0.836182
-0.338745,-1.255890,0.940765
-0.125488,-0.381226,0.427795
-0.614014,-0.751801,0.013428
-0.419037,-1.090881,-0.826813
0.236359,-0.171844,-0.557434
0.654510,-0.047852,-0.574646
0.732880,-0.614685,0.551727
0.398682,-0.308563,-0.583252
0.185547,-0.512146,0.750427
0.626831,-0.787384,-0.566437
-0.577667,-0.734192,-0.878204
0.808380,0.353302,0.634857
0.935028,-0.438385,0.242493
0.505341,-0.727783,0.415283
-0.007019,-1.228607,-0.865997
0.244385,-0.108459,0.681000
1.090302,-0.120819,-0.302521
0.996582,-0.259888,0.165741
0.987122,-0.100006,-0.048645
0.864777,-0.560394,-0.831116
0.855072,0.179016,0.335236
1.290710,-0.247162,0.597198
0.134857,-0.314270,-0.600220
0.139252,-0.080444,-0.243286
0.026794,-0.183472,-0.205231
0.803162,-0.335419,0.956604
0.690491,-0.503540,-0.252258
0.451263,-0.864166,-0.217255
-0.720551,-0.660370,0.395966
0.307343,0.069092,0.753784
0.949677,0.080444,0.359558
1.120331,-0.249542,0.198730
0.743958,0.225677,0.710297
-0.543854,-0.489868,-0.508179
-0.786530,-0.510315,0.164642
-0.492615,-1.004974,0.697784
0.840363,0.265961,0.956970
-0.763245,-0.649841,0.279236
0.094055,-0.418427,-0.454712
1.014557,-0.394470,1.075073
0.232635,-0.294647,-0.438019
-0.471771,-0.932800,0.811615
-0.473541,-0.871246,0.400726
-0.467346,-0.603638,0.722473
0.665375,0.253204,1.004456
0.904999,-0.126770,-0.520569
-0.487579,-0.301025,0.828888
-0.245819,-0.479248,-0.477600
-0.270782,-0.260468,0.097748
0.676819,-0.272949,-0.447388
-0.061737,-0.792145,0.844330
0.261078,0.011261,0.038788
0.825287,0.491760,0.277161
-0.263000,-0.330475,0.655640
-0.314636,-1.273438,-0.397430
0.494812,0.011963,-0.948090
0.366882,-0.186707,-0.691986
0.223999,-0.971741,0.049194
0.051727,-0.298706,-0.580292
0.038696,-0.332977,-0.609863
0.500671,-0.413239,-0.854645
0.168243,-0.806274,-0.366974
-0.157806,-0.900238,-0.382416
-0.297058,-0.299774,0.872375
-0.052521,-0.651947,-0.069183
0.072571,-0.634521,0.802460
-0.245483,-0.476013,0.159546
0.766113,0.031738,0.729797
-0.415100,-0.755798,0.784454
-0.029114,-1.079620,-0.222473
-0.337799,-0.993591,-0.277557
1.094208,-0.301697,-0.720673
0.202606,0.148895,0.416595
0.472626,-0.474152,0.143951
0.226624,-0.300964,0.711670
0.467377,-0.005035,-0.271820
0.578339,0.255737,0.347809
0.541199,0.335419,0.204865
-0.567535,-0.894501,0.234406
0.569336,-0.073761,-0.368256
0.208405,-0.698486,-0.292572
0.735168,0.220032,-0.719208
-0.229553,-0.252472,0.848907
0.622498,0.212036,0.119843
-0.307861,-0.477295,0.067230
-0.830231,-0.514862,0.523651
-0.129181,-0.191101,-0.346527
0.672394,-0.357147,-0.791809
1.062134,-0.237885,-0.511627
0.476166,-0.259552,0.770447
-0.406067,-0.338440,-0.092224
0.002502,-0.829681,-0.211853
0.351715,0.103577,-0.438446
1.136902,-0.277161,-0.560364
0.061005,-0.575195,0.511108
0.317444,-0.775909,-0.582367
-0.176422,-1.101501,0.799713
-0.283081,-0.130157,0.840515
-0.540222,-0.723480,-0.491333
-0.599945,-0.564331,-0.939819
0.330811,-0.049866,0.649872
0.653259,0.171509,0.196289
-0.021545,-0.772705,-0.862244
0.806274,0.290161,-0.813232
1.043854,-0.518005,0.020416
-0.009033,-0.428986,0.846497
-0.339905,-0.481415,-0.523071
0.813538,-0.069214,0.030182
0.363220,0.060272,0.634705
-0.207458,-0.603027,0.688660
-0.290161,-1.177948,0.317810
0.846527,0.380066,-0.089569
0.999786,-0.308014,0.842926
-0.405762,-0.352325,0.084839
0.704987,-0.516510,-0.454681
0.711884,0.431030,-0.116760
-0.318329,-1.083252,0.455536
0.172638,-0.543304,0.472656
1.047363,0.065308,0.102875
0.579437,-0.601654,-0.381195
-0.488220,-0.499847,-0.763763
0.852325,-0.288757,-0.868652
0.123627,-0.198914,0.249847
1.106903,-0.239868,0.661224
-0.068024,-0.885956,-0.086823
-0.328522,-0.559235,0.976898
0.619476,-0.522217,-0.334778
0.945831,0.280884,-0.615540
0.136414,-0.014709,0.449677
0.116791,-0.174896,-0.204285
-0.200226,-0.672974,-0.646912
0.673187,-0.098572,0.279388
-0.218536,-1.084229,0.787994
0.709625,-0.720886,-0.090057
1.045380,-0.380920,0.358154
0.331787,-0.506256,0.226379
0.711975,0.440521,0.258698
0.111420,-0.081116,-0.495880
0.405457,-0.073029,0.174347
0.204712,-0.575226,-0.383881
0.005981,-0.887268,0.031708
0.382996,-0.974182,-0.811554
0.947235,-0.235931,-0.587616
-0.541809,-0.592865,-0.045380
0.013367,-0.588074,0.183380
0.839111,0.366302,-0.904755
-0.615631,-0.783142,-0.804932
-0.095734,-0.201111,0.917938
0.593140,0.264496,-0.142487
-0.295258,-0.695343,0.803925
0.022156,-0.938965,0.560486
0.403198,-0.881653,-0.026855
0.332397,-0.069092,-0.921387
0.279510,-0.363922,0.377319
-0.396301,-0.706726,-0.539490
-0.077148,-0.228760,0.975098
0.176544,-0.806335,0.666962
0.578064,-0.141937,-0.061707
0.817383,-0.693695,-0.439331
-0.057343,-0.195770,-0.618134
-0.117523,-0.900726,-0.774475
0.526703,-0.695740,-0.265656
0.776428,-0.056427,0.392456
1.177551,-0.272430,0.216583
-0.519379,-0.447510,-0.423737
0.774261,0.380829,-0.681213
-0.613190,-0.534851,-0.230927
0.192047,-0.557220,-0.402374
0.334930,-0.468750,0.251556
0.063904,-0.710754,0.734711
-0.324280,-0.337097,-0.241516
-0.033295,-0.093323,-0.089142
-0.582825,-0.862579,0.931885
0.635651,0.010986,-0.566132
-0.375488,-0.545044,0.143982
0.698456,-0.001465,-0.817383
-0.020325,-0.522247,-0.123627
-0.234070,-1.232330,-0.777649
0.713867,-0.501190,-0.683472
-0.093079,-0.828949,0.077179
-0.460236,-0.813873,0.088593
0.120239,-0.706909,-0.871948
-0.207214,-0.807159,-0.133575
0.387024,-0.873749,0.144043
-0.028625,-1.170197,-0.483826
0.815491,0.360596,-0.514130
0.016388,-0.928345,-0.444061
-0.243317,-0.833832,0.913452
1.275574,-0.336914,-0.692963
1.053894,-0.064453,0.700867
0.362823,-0.311218,0.510162
-0.014465,-0.877228,0.223114
-0.359680,-1.227142,-0.524628
0.548431,0.288818,-0.445953
0.570953,-0.231628,-0.251648
0.071075,-0.818420,0.994873
0.136383,-0.162506,0.798615
1.050293,-0.349548,-0.033325
-0.328308,-0.162537,0.492310
0.163544,-0.429596,0.099152
1.050140,-0.214935,0.607910
0.929443,-0.417603,-0.338196
0.442719,0.204620,0.794586
0.464203,-0.866516,-0.360199
0.505615,0.066498,0.347473
0.440918,0.106140,-0.672913
0.085999,-0.541718,0.890167
-0.002838,-0.674316,-0.387085
0.401489,-0.523743,-0.411865
0.408997,0.116302,0.520447
0.248840,-0.174683,0.664215
1.158905,-0.235443,0.064240
0.340240,0.100311,0.989624
0.860382,-0.140320,0.756226
0.823334,-0.650238,-0.456696
-0.143677,-0.326233,0.512665
-0.167114,-0.279480,0.949524
-0.160126,-0.605377,0.100006
-0.431122,-0.979370,0.762268
-0.132172,-0.244232,-0.051147
0.147949,-0.920410,-0.211273
-0.205292,-1.370117,-0.884125
0.158173,-0.520660,-0.774292
0.858795,-0.383850,1.004547
0.703705,-0.408905,0.149109
0.926056,0.054108,0.922028
0.074738,-0.055634,-0.471863
-0.230194,-1.094116,0.694672
-0.387329,-1.086823,-0.336304
-0.180267,-0.624634,-0.538177
1.090210,-0.246613,0.713318
0.439484,-0.058868,-0.468414
0.115021,-0.683044,0.625916
0.967926,-0.380646,-0.108734
0.587006,-0.085327,0.483887
-0.344269,-0.329071,0.102966
0.191406,-0.169556,0.670929
-0.316284,-1.327759,0.035095
0.178436,-0.346100,0.887146
1.146484,-0.144958,0.121094
0.034698,-0.480865,0.113342
0.033783,-1.140839,-0.048370
0.123840,-0.340729,-0.791107
0.170837,-0.553223,0.849365
0.153656,-0.839386,-0.640808
-0.437073,-0.480621,-0.586670
0.263947,-0.575317,-0.714447
0.839447,-0.125916,-0.545349
0.500854,-0.418213,0.300873
0.548279,0.362091,0.486053
0.680267,-0.636627,-0.506226
-0.451691,-0.941772,-0.532959
0.157013,-0.271912,-0.179657
-0.352783,-0.962585,0.700165
-0.636292,-0.554230,-0.471771
0.477020,-0.075012,-0.691315
0.320526,-0.380341,0.907776
-0.177887,-0.486420,0.092072
-0.499054,-1.054688,0.160919
-0.535522,-0.832520,0.087097
0.979370,0.255890,-0.337189
0.187866,-0.223907,0.216644
0.417328,-0.293945,-0.568054
0.212738,-0.366364,-0.078003
0.505341,-0.771515,0.748108
0.008148,-0.488708,-0.444153
-0.271088,-1.265808,0.222504
0.751404,0.176056,-0.239960
0.212524,-0.649994,-0.139954
0.725708,-0.380249,0.986542
-0.297058,-0.535706,-0.148315
0.540649,-0.298065,0.784210
-0.036865,-0.991486,-0.346985
0.181030,-0.561462,0.105743
0.023407,-0.477234,0.381592
-0.275665,-1.248749,0.517273
0.503143,-0.725311,0.577393
0.218964,0.117340,0.374847
0.576813,0.057037,-0.797302
-0.638824,-0.505096,-0.414764
0.978943,-0.402832,-0.065216
-0.235535,-1.383301,-0.453003
0.321533,-0.686981,-0.225403
-0.173737,-0.806305,-0.846100
1.028137,-0.467957,0.209839
0.149109,-0.792023,0.379120
1.111084,-0.210388,-0.319458
-0.054810,-0.978729,-0.657532
-0.085449,-0.942657,-0.434967
0.001251,-0.556458,-0.704926
-0.104187,-0.381317,-0.139587
0.189911,-0.687256,-0.121155
-0.116364,-0.549347,0.733459
-0.194122,-0.423401,-0.359650
0.020355,-1.074310,0.670532
0.883118,-0.116180,0.954529
-0.647400,-0.581238,-0.336029
-0.028107,-0.229706,0.934601
0.861328,-0.230286,0.603790
-0.002625,-0.106110,0.329529
-0.016449,-0.709290,0.279907
0.326324,-0.379700,-0.940918
0.146179,-0.314697,0.383759
0.023376,-0.357971,0.901489
0.252472,0.164581,0.980103
-0.769470,-0.567261,-0.455536
-0.208466,-1.275787,-0.148834
-0.493713,-0.973816,-0.913910
-0.136200,-0.891846,0.037384
0.342957,-0.180054,-0.101349
0.121887,-0.071716,-0.924225
0.552460,-0.437988,0.134583
0.896332,0.396790,-0.859985
-0.661560,-0.578705,-0.536407
0.763672,-0.050507,-0.869629
0.786835,0.111725,-0.920593
-0.041351,-0.893219,-0.535126
0.598328,-0.319183,0.837402
0.307098,-0.898651,0.388519
-0.452423,-0.805206,-0.610138
0.357086,-0.429169,0.787140
1.026825,0.126129,0.242767
1.105011,-0.387329,-0.239563
0.482147,-0.504730,0.677704
-0.194000,-0.792267,-0.870148
0.572296,-0.155518,0.637421
-0.411377,-0.477142,0.215485
-0.521454,-0.696228,0.057404
0.840240,-0.288483,-0.077850
0.271698,-0.175507,0.026031
0.560699,-0.351868,-0.213318
1.092285,-0.368561,0.165405
0.741791,-0.256775,-0.743042
0.492798,-0.726929,0.190338
1.167938,-0.236359,0.554382
1.072601,-0.227020,0.242676
-0.016571,-0.852661,-0.483765
0.113220,-0.456268,0.251099
-0.533142,-0.473816,-0.900085
-0.537048,-0.767426,-0.654297
0.804199,-0.509644,-0.817261
0.054413,-1.044647,-0.786163
0.590515,-0.180542,-0.381653
0.033051,-0.474060,0.700958
0.412689,-0.814026,0.364502
0.054871,0.003693,-0.189545
0.580505,0.097504,0.801483
0.668701,0.200745,0.539215
0.211700,-0.330872,-0.499451
0.169006,-0.355225,-0.138214
-0.366882,-0.406067,0.222443
0.398621,-0.009705,0.677643
0.501373,-0.071655,0.738251
0.818512,-0.406067,-0.156250
-0.358246,-0.684296,-0.949524
0.887329,-0.581696,-0.184662
0.790985,-0.528809,0.257660
-0.378540,-0.405426,0.217133
-0.018250,-0.532745,1.003601
0.770416,-0.268768,0.100647
1.160828,-0.254120,-0.430725
0.852966,-0.385681,-0.067078
0.544556,-0.022034,-0.166534
0.310455,0.035278,0.840118
0.874298,0.267700,-0.645477
1.058929,-0.259430,-0.568604
0.149628,-0.470337,-0.261200
1.238129,-0.199615,-0.709900
0.256805,0.131470,0.494720
-0.319672,-1.135956,0.966125
0.822144,-0.642914,-0.597717
-0.322052,-0.396881,0.382446
0.363403,-0.750153,-0.477142
-0.357391,-0.624176,0.510590
0.423004,-0.269196,-0.285980
-0.702393,-0.430176,0.709717
0.670715,-0.751984,-0.325378
0.408264,-0.322571,0.504364
0.928558,-0.057983,0.521912
-0.151215,-0.815918,-0.895905
-0.565094,-0.627319,-0.755890
0.340973,-0.468994,-0.404602
0.091400,0.043152,0.076294
0.327667,-0.485168,0.381592
0.878296,-0.191925,0.303375
-0.348389,-0.731659,-0.779327
-0.281738,-0.533966,0.479919
-0.064453,-0.644073,0.834320
0.433899,-0.374084,0.384857
0.719360,0.358643,0.196289
-0.352295,-0.471313,-0.400391
0.466766,-0.744293,0.404755
-0.239349,-0.767212,-0.491577
0.646240,-0.689941,-0.042725
0.889618,0.213745,0.979736
0.063019,-1.114532,-0.035889
0.748901,0.331604,0.617310
0.482697,0.015472,0.277130
0.387085,-0.072449,0.084320
0.386688,-0.971161,-0.874817
0.210510,-0.347229,-0.460449
-0.197510,-0.728760,0.686493
0.171417,-0.973480,0.331573
1.216644,-0.197754,-0.385864
-0.333679,-0.778046,-0.058899
0.319183,-0.376617,-0.940399
-0.460144,-0.859589,-0.465790
-0.427490,-0.464722,0.795044
-0.656097,-0.557465,-0.792542
0.679901,0.456390,0.621307
-0.641388,-0.708771,-0.755798
-0.144470,-1.078217,1.046478
0.095184,-0.240692,0.607758
0.697357,0.117950,0.433716
-0.278534,-1.232697,0.840149
0.299866,-0.273010,0.516663
0.564514,0.048950,-0.009644
0.584503,-0.511993,-0.671814
-0.088104,-0.664154,0.930481
0.984833,-0.273254,0.296967
-0.308136,-1.321167,0.112946
0.565857,0.015381,0.237152
0.342377,-0.830139,0.382385
0.255035,-0.743530,-0.778870
0.699280,-0.528839,0.194824
0.666748,0.462830,0.902985
0.168427,0.009552,-0.578156
1.158173,-0.198639,-0.563690
0.105865,-0.813751,0.485016
0.761505,-0.576141,0.980438
1.039032,-0.529022,-0.656555
-0.188293,-0.437836,0.032196
0.662537,0.100098,0.196350
-0.728760,-0.621552,0.485046
-0.053802,-1.073517,-0.073334
-0.230316,-1.025421,0.151917
0.158020,-0.276703,-0.593079
0.835480,-0.335785,-0.167938
0.249023,-0.223938,0.184814
0.930725,-0.582031,-0.799469
0.496857,-0.350006,-0.274750
0.296448,0.016510,0.198944
-0.314423,-1.077362,0.649170
0.604034,0.152435,0.436249
-0.257172,-0.194397,0.579376
-0.149170,-0.828766,-0.139191
1.142181,-0.277313,0.921783
0.262543,-0.810242,0.181122
-0.606293,-0.898773,0.562225
0.016205,-0.710876,1.034912
0.519257,-0.534546,0.104736
0.067871,-0.125702,0.216553
0.628296,-0.013794,0.256042
0.790131,-0.263306,0.376404
0.579376,-0.075775,-0.433167
-0.452881,-0.287567,0.854919
-0.409149,-0.914551,0.969238
-0.612518,-0.510437,-0.498535
-0.156616,-0.614655,-0.014923
-0.206818,-1.241272,0.057556
0.382294,-0.239197,0.078156
0.139038,-0.714478,0.992218
-0.299591,-0.845215,-0.076172
0.793274,0.403259,0.778717
0.835449,0.492981,0.797363
-0.103210,-1.046814,0.997406
-0.554962,-0.482574,-0.629730
0.162506,-0.333710,-0.724762
0.682281,-0.052002,-0.604797
0.262146,0.159821,0.594696
-0.454498,-0.641907,0.755737
0.641144,0.039581,0.999969
-0.395081,-0.888916,0.659485
-0.520660,-0.551361,0.062714
0.487640,-0.916046,-0.737183
0.801880,-0.037323,0.826263
-0.668823,-0.743927,0.995911
0.748169,-0.716553,-0.426331
0.584808,0.258850,-0.239685
0.897461,0.419678,-0.958191
0.698364,0.304443,-0.112701
0.425781,0.040436,-0.440216
0.252228,0.064758,-0.361542
1.198700,-0.103577,0.388550
0.476959,-0.573090,0.003113
0.522095,-0.872375,-0.386078
1.235992,-0.246277,0.216522
0.382690,-0.056671,0.125366
-0.150360,-0.803162,0.062775
-0.103027,-0.329315,-0.031464
0.560638,0.147614,-0.764252
0.341919,-0.109070,-0.873322
0.694366,-0.637726,-0.395111
-0.532349,-0.536194,0.853638
-0.455627,-0.842285,-0.563843
0.483734,0.013000,0.980347
-0.096069,-0.140045,0.672943
-0.383026,-1.110413,-0.016083
0.841553,-0.578064,-0.007904
0.965637,-0.553497,-0.303741
0.396942,-0.591095,-0.498688
0.634979,0.262634,0.262726
0.716553,-0.751556,-0.647003
0.150787,-0.496063,0.666473
0.356354,-0.272430,0.446930
0.132935,-0.152649,0.515228
0.270081,-0.565674,-0.386444
0.504059,-0.529175,-0.751312
-0.191589,-0.852051,-0.040436
-0.085938,-0.453888,-0.751740
0.961823,-0.334015,0.000946
-0.485046,-0.640350,-0.510040
-0.348297,-1.266876,0.754120
0.071960,-0.409363,0.555725
-0.205963,-0.472107,-0.810120
0.083374,-0.613342,-0.882172
-0.587341,-0.560669,-0.740570
0.679199,0.284729,0.405151
0.854462,-0.376190,0.332642
-0.288147,-0.659485,0.156677
-0.672058,-0.452209,0.807709
0.291992,-0.236664,0.039032
-0.454987,-0.816284,-0.063446
-0.173370,-0.375458,0.517456
0.991669,-0.471375,0.190613
-0.173126,-0.480499,0.715118
0.066345,-0.179993,0.775879
-0.226471,-1.097717,0.666687
-0.608276,-0.389771,0.009094
0.165802,-0.767822,-0.638855
0.789551,-0.078247,0.277313
0.165100,-0.871552,0.623840
-0.055878,-0.384949,-0.324036
0.179474,-0.526611,-0.266632
0.480652,-0.574677,0.605682
-0.411499,-0.432465,-0.858887
0.712280,-0.303314,-0.489410
-0.470245,-0.508759,-0.171936
-0.079926,-0.520172,-0.459503
0.458344,-0.516022,0.180145
0.327423,-0.274872,0.002930
1.087952,-0.241272,0.420532
-0.111145,-0.700134,0.594025
0.031494,-0.893188,0.734741
0.212616,-0.835907,0.355438
-0.561218,-0.442749,0.683319
1.114685,0.066559,0.491486
0.255371,-0.630768,-0.025146
-0.224792,-0.455078,-0.024139
-0.438538,-0.939240,-0.858673
0.316833,-0.401825,-0.860809
-0.456696,-0.647308,0.623474
1.078949,-0.355194,-0.145416
0.658569,0.424164,0.725616
0.830536,-0.135590,0.464417
-0.270966,-1.011169,0.990479
1.285889,-0.217438,0.176361
-0.007507,-1.145966,0.072571
0.724762,-0.168945,-0.443512
-0.269623,-1.241791,0.723267
-0.197144,-1.025848,-0.665863
-0.048584,-0.389465,0.582550
-0.169739,-1.127289,0.725952
-0.428925,-1.025055,0.198975
0.230988,-0.575806,-0.055023
0.829468,-0.587921,-0.327850
0.319092,0.028198,-0.685059
0.962219,-0.385132,0.969238
0.711273,-0.278229,0.695892
1.277039,-0.224060,0.688599
0.871124,-0.462158,-0.751648
0.189270,-0.053070,0.623688
-0.164825,-0.522949,-0.215515
-0.575958,-0.701111,0.922119
0.043915,-0.072540,-0.667297
0.785675,-0.542389,0.034149
-0.227234,-0.677521,0.832214
-0.268372,-0.498840,0.238892
-0.091095,-0.658600,-0.193939
0.955170,0.067383,0.842865
0.732849,-0.304626,0.878723
0.340485,-0.181335,0.615845
0.663879,-0.772400,-0.819275
0.781342,-0.145294,-0.136902
0.170380,-0.344299,0.428925
0.734131,0.380585,0.686035
0.633423,-0.238708,0.426788
-0.730682,-0.486938,0.184387
0.782318,0.292358,-0.508698
-0.173126,-0.898346,-0.737549
1.183685,-0.177185,-0.517914
-0.536133,-0.771851,0.508392
0.382690,-0.914154,-0.773254
0.685608,0.004791,-0.546967
-0.227783,-0.442474,0.262390
-0.257019,-1.197754,0.368378
0.123932,-0.527985,0.705841
-0.380035,-0.196411,0.551758
-0.473053,-1.028107,-0.705597
-0.232971,-0.348450,-0.304688
0.412231,-0.078278,0.884888
0.215515,0.048340,-0.377869
0.972626,-0.287720,-0.455566
1.327881,-0.387573,-0.468872
0.661591,0.030731,-0.280182
0.201111,-0.427216,0.503723
0.213898,-0.702972,0.920105
-0.451172,-1.075317,0.554382
0.616058,-0.828796,-0.779114
-0.380920,-0.753540,-0.627045
-0.186340,-0.884613,-0.056213
0.570679,-0.870361,-0.582336
0.212708,-0.488678,-0.258331
-0.174164,-0.769806,-0.434631
1.001770,-0.279572,-0.406769
0.410248,0.154694,-0.821869
0.056396,-0.672089,-0.232727
-0.488831,-0.884888,-0.028839
1.148499,0.019043,-0.461945
-0.164246,-0.411591,-0.627838
1.234558,-0.218811,0.451538
0.763977,-0.279480,0.982819
0.814514,0.284485,0.462128
-0.665222,-0.758942,-0.812378
0.155304,-0.487854,0.367310
0.865936,-0.242126,0.224670
0.922058,-0.280029,-0.380188
0.400085,0.104034,0.918732
0.883972,0.283234,0.688660
1.253937,-0.467529,-0.712280
0.192322,-0.777527,0.615417
0.829834,0.247894,-0.738495
0.239105,-0.782867,-0.274963
-0.148315,-0.557190,-0.583954
0.892731,-0.113983,0.024414
-0.093170,-0.608093,0.217743
-0.121796,-0.781982,0.817139
-0.401215,-0.566406,-0.111816
1.257477,-0.328308,-0.472107
-0.191040,-0.733063,0.145172
1.130890,-0.226288,-0.350433
0.019714,-0.414764,0.028870
-0.072235,-0.365692,-0.814880
-0.595764,-0.690552,-0.791382
0.413025,-0.371735,0.900970
0.191986,-0.748016,0.836914
0.328796,-0.019928,-0.251556
-0.242157,-1.107086,-0.047241
1.207031,-0.317535,0.223846
0.191010,-0.169281,0.776642
0.711090,-0.179047,-0.310638
-0.120728,-0.093231,-0.090729
0.873993,-0.500122,-0.315765
1.150452,-0.163177,0.123047
-0.311646,-0.546051,0.415771
0.719604,-0.203217,0.279114
0.593445,-0.481323,0.643372
0.529327,0.102234,-0.218781
0.741425,-0.411713,-0.439545
0.760895,0.036682,-0.493500
0.302948,-0.868652,-0.796112
0.286652,-0.996674,-0.775208
0.204834,-0.452667,0.819794
-0.546356,-0.905701,0.083405
1.001801,-0.221863,0.577606
0.010376,-0.307159,-0.325287
0.634918,0.182495,-0.125763
0.587189,-0.263153,-0.799500
0.485596,-0.529236,0.022522
0.389557,-0.569214,-0.348907
0.094482,-0.540894,-0.392700
-0.183533,-1.259308,-0.778595
0.803070,-0.311798,0.195770
0.841980,-0.277222,0.739563
1.109039,-0.329681,0.287598
0.213470,-0.684723,0.222809
0.001373,-0.989868,0.603821
0.579163,-0.137360,-0.143280
0.812408,-0.362610,-0.662872
0.866943,0.281433,0.430054
-0.334747,-0.525879,0.603302
0.337372,-0.713043,0.140747
-0.373627,-1.045654,-0.469879
0.860504,-0.273468,0.764557
0.021545,-0.614746,-0.842346
0.665771,-0.371277,0.310699
-0.620331,-0.480988,0.156616
0.482910,-0.457275,0.711639
-0.331421,-0.953369,0.776489
0.668823,-0.448975,0.717438
0.624329,0.321594,0.787567
-0.295441,-0.618469,-0.412109
-0.229156,-0.723175,-0.613220
0.044617,-0.303741,1.005829
0.782410,0.277740,0.030396
0.955688,0.176178,0.687805
0.725067,0.193542,0.826538
0.495026,-0.557831,0.961273
-0.091248,-1.172882,0.250824
0.888336,0.306976,-0.195892
0.265839,-1.028534,-0.802979
1.035065,-0.034882,-0.270935
-0.004425,-0.858398,0.788483
0.952789,-0.682617,-0.869507
0.967834,-0.317352,0.996826
-0.123901,-1.078400,0.231689
0.118195,-0.658539,-0.597137
0.001678,-0.610229,-0.166229
0.958466,0.285461,0.967316
-0.526978,-0.617065,-0.841339
1.084320,0.022186,0.476532
0.460876,-0.150146,-0.528809
0.105347,-0.462067,0.494965
0.342194,-0.147003,-0.868256
-0.505524,-1.021667,0.556488
-0.308014,-0.753662,0.042297
0.829285,-0.173645,0.452515
-0.709869,-0.597168,-0.217621
0.344757,-0.128845,-0.797943
1.019318,-0.093567,-0.770172
-0.343048,-0.810486,0.656372
-0.363159,-0.825684,-0.280487
-0.070129,-0.981171,-0.259644
-0.337952,-1.255280,-0.592194
-0.541382,-0.622467,-0.874695
1.369110,-0.315277,-0.297211
0.713623,-0.338013,-0.180634
0.323059,-0.532684,0.489136
0.981384,0.064484,-0.762756
0.896973,-0.247620,0.321930
0.722321,-0.202301,0.992035
0.075806,-0.689972,-0.239716
0.689331,0.316620,0.426147
-0.263489,-1.075836,0.001801
-0.622131,-0.800842,-0.800659
-0.641296,-0.837952,0.347382
0.362976,-0.873993,-0.277283
-0.183838,-0.320953,0.373840
0.642548,-0.534760,-0.382629
0.389587,-0.506348,0.384949
1.263245,-0.325409,-0.276062
0.681396,0.356659,0.675629
0.321991,0.259613,0.939789
1.013397,0.006470,-0.147156
-0.171173,-0.921539,-0.744385
0.128723,-0.454163,0.746124
-0.457611,-0.734955,0.799561
0.519073,-0.129517,-0.730164
-0.101532,-0.791656,-0.780518
0.910767,-0.339142,0.983063
-0.355896,-0.478424,0.191315
0.602386,-0.007935,-0.290192
-0.480072,-0.837982,-0.807312
0.608673,0.073608,0.084442
0.581207,0.134155,-0.659424
-0.282867,-0.680786,0.656555
0.731567,0.327301,-0.644684
-0.183258,-1.037842,-0.154114
-0.273529,-0.531067,0.900970
0.974365,-0.380188,0.813202
0.160614,-1.006256,0.157196
0.580933,-0.169830,0.193329
0.891449,0.411896,-0.157776
0.824982,-0.644623,0.167847
0.752808,0.418274,0.998535
0.261322,-0.963806,0.325592
1.278107,-0.193298,-0.490051
0.510406,-0.209137,0.943695
1.012512,-0.268066,0.325409
0.074860,-1.075958,-0.060211
-0.388031,-0.609131,-0.797913
0.300385,-0.438385,0.110901
1.270111,-0.378418,-0.193512
0.514069,0.282288,0.817505
0.246552,-0.172638,1.018829
-0.208252,-1.132751,0.409302
0.073517,-0.431549,0.619873
0.087067,-0.116821,0.427673
0.688995,-0.199707,-0.502625
0.814697,0.069794,1.032715
-0.560760,-0.669952,0.251740
0.867554,-0.103485,0.288147
0.422974,-0.053955,-0.566925
-0.217224,-0.675812,0.270386
-0.411774,-0.635498,-0.642822
0.660095,0.034760,0.889160
-0.335938,-0.734406,-0.229034
-0.355164,-0.295563,0.824432
-0.398834,-1.009155,-0.339813
0.946808,-0.020081,-0.154083
0.544525,-0.565521,-0.511993
0.050964,-0.149048,-0.692627
-0.357117,-0.823029,0.954865
-0.090820,-0.768982,-0.725555
1.055573,-0.456512,0.458740
0.022644,-0.256897,-0.764160
-0.487305,-0.352203,0.781921
1.107758,-0.215790,0.113312
0.696228,-0.207550,0.079742
0.588409,-0.114990,-0.903198
0.298126,-0.357727,0.693878
-0.094513,-0.238922,-0.922363
-0.529816,-0.554260,-0.456238
-0.062408,-1.043152,-0.817596
0.978363,-0.080597,0.579315
0.515442,-0.078308,-0.346313
0.651062,-0.673065,0.811432
0.656525,-0.085297,0.305450
0.648376,-0.045837,0.399353
0.919403,-0.350159,-0.511597
-0.265411,-1.177002,-0.438446
0.328156,-0.847351,0.773132
0.580139,-0.442017,0.222809
0.662903,-0.537109,0.734619
-0.133087,-0.532837,0.020752
0.574585,0.289093,0.558868
0.149628,-0.916351,-0.256012
0.832489,0.370972,-0.138214
-0.163330,-0.937531,1.062103
0.585205,-0.446838,0.312256
0.986908,-0.310425,0.494202
1.182312,-0.122589,-0.865112
1.175598,-0.133820,1.054382
0.254272,-0.311554,-0.337982
-0.535675,-0.318512,0.762634
0.319244,-0.030975,-0.383118
-0.047150,-0.881866,-0.883453
-0.642731,-0.562836,0.191895
1.152283,0.021637,0.240845
-0.433533,-0.539764,0.496490
0.799500,0.315979,-0.052673
0.979126,-0.394257,-0.689819
0.155670,-0.300903,-0.239807
0.302124,-0.031158,0.426483
-0.358948,-0.860352,0.614044
-0.660217,-0.515594,0.328552
0.162994,-0.228058,0.154999
0.853729,-0.027100,-0.478851
1.037842,-0.136139,0.081879
-0.359192,-0.404968,0.169586
0.829987,0.176025,0.617828
0.767700,-0.567078,0.636475
0.051178,-0.492889,0.443848
0.265656,-0.532227,-0.923798
0.360992,-0.231049,0.312073
1.015686,-0.533051,-0.045624
-0.182220,-0.973236,-0.658722
0.019745,-0.929871,0.255981
0.664673,-0.582367,0.956573
0.707642,-0.172485,-0.795654
-0.036163,-0.665741,0.681183
0.367920,-0.349426,-0.314758
0.648285,-0.556488,-0.541199
-0.643768,-0.746704,-0.795044
1.217316,-0.236450,-0.803131
1.050720,0.121307,-0.341797
0.514465,0.006531,-0.682220
-0.257690,-0.418396,-0.866577
-0.323822,-1.341034,-0.155884
0.605347,0.236115,-0.118652
0.240173,-0.544312,-0.104675
0.922913,-0.363373,1.035461
0.645020,-0.612579,-0.629608
0.830292,0.021820,-0.596222
0.199799,-0.977142,0.059143
0.109131,-0.085236,-0.725586
-0.367523,-0.593353,-0.727966
0.459717,-0.805389,0.440155
-0.018463,-0.290924,0.462891
-0.242706,-1.157349,-0.648865
-0.055817,-0.376343,-0.873871
1.338989,-0.281311,0.039032
0.073608,-1.086578,-0.804138
-0.330414,-0.355164,-0.086273
-0.383636,-1.039581,0.244019
-0.345703,-0.866547,0.309357
0.887085,0.412262,-0.127899
0.608032,0.016968,0.671417
0.524109,0.307831,0.498505
0.094330,-0.078918,0.127258
0.106903,-0.703186,0.468170
0.074829,-0.998169,0.870056
0.523193,-0.393555,-0.358551
0.498840,-0.575287,0.544983
-0.381805,-0.668945,-0.330963
1.045532,-0.089111,-0.296844
-0.260223,-0.451569,-0.418396
0.870117,0.055145,0.430786
0.608185,-0.823914,-0.458801
0.591217,0.246796,-0.755341
-0.679138,-0.587097,0.715668
-0.593048,-0.308960,0.877777
0.955994,-0.224792,-0.561218
0.306458,0.075714,0.589417
-0.323669,-0.709900,0.421631
0.815460,-0.038422,0.943542
0.702850,-0.078705,-0.551941
0.928711,0.379944,-0.306427
0.065002,-0.859131,0.415070
0.404633,-0.360931,-0.495056
0.711670,-0.398499,-0.767853
0.014282,-0.678589,0.405334
0.189331,0.114655,0.536591
0.048523,-0.233704,-0.217468
0.954742,-0.353333,-0.069763
-0.272888,-0.194458,0.307526
-0.425842,-0.988373,-0.223267
0.005371,-0.263245,-0.511871
-0.356842,-1.214111,-0.866669
-0.372681,-0.678864,0.562805
-0.047913,-0.314575,-0.040741
0.114990,-0.941925,0.244080
0.951630,0.171906,0.108582
-0.162933,-0.827911,-0.794617
-0.119812,-0.914886,0.626251
0.128754,-0.186707,0.040833
0.201630,-0.203827,-0.831696
0.039734,-0.192291,0.489227
-0.100403,-1.108429,0.672852
0.088928,-0.149902,-0.898987
0.131653,-0.715820,-0.672394
0.531311,-0.182281,0.396851
0.098938,-1.139557,-0.883392
0.885742,0.263855,0.990082
-0.103668,-0.553070,0.390778
0.227142,-0.809784,-0.145691
-0.037628,-0.605011,-0.634186
-0.080994,-1.159576,0.229462
0.199219,-0.484467,0.098450
0.111969,-0.471741,-0.159363
0.065613,-0.098633,0.507690
-0.420197,-0.421204,-0.687256
-0.603790,-0.370636,0.608185
0.364899,-0.199249,-0.619171
1.240753,-0.331055,-0.327911
0.846344,-0.298676,0.051575
0.289459,-0.928864,0.096527
-0.262817,-0.700012,0.578857
0.127808,-0.572662,0.777313
1.038452,-0.322296,0.519348
0.928040,0.135498,-0.751465
0.614044,0.184631,-0.131134
-0.156464,-1.037659,0.370819
-0.231384,-0.784241,-0.542389
0.455292,-0.825714,0.135864
0.292664,-0.686310,0.104858
0.081085,-0.704865,-0.296661
0.520081,0.092590,-0.714813
0.643951,0.458344,0.811890
-0.522461,-0.734161,0.599365
0.750916,-0.661896,-0.148071
1.071045,-0.384552,-0.037567
-0.065369,-0.212799,-0.483704
1.241058,-0.166992,0.335571
-0.534943,-0.913544,-0.770355
1.034454,-0.253235,-0.580505
0.559845,0.007660,-0.447418
-0.041534,-0.637054,0.190216
0.827789,0.128052,0.677338
0.962219,-0.147949,0.767090
-0.036652,-0.920258,0.413971
0.340851,-0.410004,0.758759
0.052826,-0.123596,0.360168
-0.275085,-0.305084,0.766754
0.780884,-0.140747,-0.112854
-0.434540,-0.370361,0.028839
0.228271,0.122620,0.198212
-0.012726,-0.597961,0.450287
0.711334,0.305511,0.033173
0.618958,-0.176178,0.319794
0.218323,-0.485413,-0.473053
-0.761627,-0.496490,0.151672
0.131042,-0.960052,0.956604
0.393890,-0.065948,-0.414825
0.207489,-0.040222,-0.802490
-0.455261,-0.742615,-0.691467
0.619965,0.230194,0.043457
1.043976,-0.463623,-0.440582
-0.300964,-0.924988,-0.724976
-0.252716,-0.567810,-0.910339
0.795929,-0.631226,-0.430573
1.147400,-0.235718,0.334900
0.144287,-0.114380,-0.739410
0.584595,-0.035583,-0.934998
1.156738,-0.202484,-0.079468
0.699066,-0.153595,0.002045
0.310944,-0.966278,-0.153351
0.635925,0.059814,-0.611084
0.473541,0.019867,0.940308
0.463684,-0.336700,0.322021
0.663849,-0.240997,0.348328
-0.605713,-0.578369,0.434021
0.128906,-0.914581,1.022217
-0.432709,-0.864624,0.722382
0.869263,0.314697,0.964722
-0.243652,-0.144501,0.933929
0.864410,0.132233,0.437408
-0.485931,-0.673462,0.674286
1.320526,-0.253174,0.760986
0.883514,0.103058,0.608856
0.387238,-0.385315,0.413757
0.712067,0.504639,0.611481
-0.367859,-0.579926,-0.664734
0.605011,0.240356,0.592529
0.932648,-0.303467,-0.031464
1.203888,-0.352173,-0.789246
0.630798,-0.155823,0.020081
0.837646,-0.515045,0.796600
0.961578,-0.517151,-0.891693
0.024719,-0.423218,0.354401
0.950287,-0.456818,-0.015594
-0.752228,-0.393738,0.783936
-0.047791,-0.155884,0.378693
0.894409,-0.356659,0.402893
0.077209,-0.964874,-0.455292
0.907532,0.257721,0.645935
0.247314,0.027161,-0.933624
0.697845,-0.471222,0.273865
0.487671,0.227875,0.155060
0.269135,-0.003052,-0.581085
0.758270,0.003693,-0.641876
0.005890,-0.938263,-0.411346
0.582275,0.306641,0.818909
0.453918,-0.543488,-0.326477
-0.320679,-0.265778,-0.208282
-0.266937,-0.749878,0.333618
0.073059,-0.253632,-0.092010
1.129486,-0.326111,0.658203
0.244476,-0.366821,-0.864960
0.404541,-0.886749,-0.214539
1.116058,-0.275391,-0.893890
-0.490082,-1.037048,-0.530609
-0.116638,-0.130188,0.417603
0.633453,-0.057434,-0.192444
0.232513,-0.703918,-0.671936
0.016754,-0.611206,0.623657
0.112305,-0.737122,0.609161
0.341461,-0.482361,0.263702
0.139404,-0.880829,0.995422
0.642456,0.001831,0.119781
0.902496,-0.364960,0.940033
0.787750,-0.185303,0.556763
0.978851,-0.424622,-0.104614
0.482880,0.110718,0.115875
-0.032501,-0.979004,0.373718
0.405182,0.217407,-0.017456
0.947174,-0.559662,-0.651459
0.583313,-0.207489,-0.718811
-0.113708,-0.681427,-0.773315
-0.590118,-0.402466,0.336273
-0.628418,-0.778473,0.305084
-0.319702,-1.057465,0.569977
0.058777,-0.537842,0.886292
-0.521515,-0.756134,0.239227
0.633911,-0.360229,0.209747
-0.404266,-1.061096,-0.066620
0.736572,0.358734,0.283539
0.513550,-0.198212,-0.663696
-0.133057,-0.349762,-0.967468
0.755157,0.050812,0.417999
0.903290,0.425140,-0.861450
0.994537,0.114441,-0.922699
0.472473,-0.222290,-0.297028
-0.592133,-0.765900,-0.063873
1.194336,-0.194427,0.438995
0.893982,0.196106,0.450439
0.087341,-0.390381,0.613068
-0.198242,-1.103302,-0.679077
0.019470,-1.109375,-0.082947
1.183167,-0.141937,0.456512
0.385651,-0.088196,0.743256
0.030884,-0.656677,0.944397
1.125793,0.039703,0.165955
0.672241,0.081635,-0.178406
0.987885,0.102631,0.226135
0.747253,0.428406,0.207306
0.460175,0.081757,0.219849
-0.528870,-0.901184,-0.739197
0.204407,-0.703979,0.967316
-0.051025,-0.182861,0.216003
-0.015564,-0.212433,0.443665
-0.323883,-1.018494,-0.658661
0.452454,0.087952,-0.867645
0.105499,-0.783844,0.655396
1.099976,-0.398010,0.153503
-0.630096,-0.503296,-0.341003
-0.008514,-0.748962,-0.589172
0.761292,0.086945,0.494629
0.818024,0.072601,-0.213165
0.079163,-1.036072,0.382507
-0.246460,-1.083160,0.576874
0.204590,-0.768829,0.108978
-0.184143,-0.909027,-0.920624
-0.341492,-1.100067,0.600647
-0.612183,-0.464508,-0.191498
-0.602966,-0.634521,0.033325
-0.258728,-0.762848,0.983856
0.284790,-0.559906,-0.537140
-0.009491,-0.901184,0.213287
0.119049,-0.529327,-0.709839
0.683533,-0.453613,0.976349
0.948792,-0.444580,0.247650
-0.720001,-0.646942,-0.920563
0.794189,0.209015,0.835815
0.389893,-0.255219,0.560760
0.622955,0.452454,0.701355
-0.000397,-0.434662,-0.151672
0.565063,-0.472534,0.847137
0.824066,-0.606567,0.306976
0.308899,-0.796753,-0.580811
0.926361,0.084869,-0.124817
0.582184,0.284821,0.724426
-0.453644,-0.441925,0.221649
-0.151520,-1.002930,0.584167
-0.354218,-0.976685,-0.226654
0.154083,-0.119965,1.011230
0.721191,0.097290,-0.482819
1.191895,-0.406860,-0.078369
0.283142,-0.692749,-0.087769
0.469849,-0.879547,-0.006714
0.773407,0.197174,1.014801
0.213623,-0.274506,-0.482208
0.147247,0.002625,-0.323303
-0.493958,-0.534424,-0.323761
-0.255127,-0.385956,-0.343811
0.462891,-0.699127,0.013977
-0.047119,-0.577454,0.092407
0.601135,-0.589966,0.959381
-0.108612,-0.469360,0.407959
-0.145447,-0.516571,0.317291
0.734558,-0.352020,0.122101
-0.243469,-0.985168,0.649414
0.643646,-0.242920,-0.896149
0.565277,-0.574036,-0.668915
0.871277,-0.239197,-0.319305
0.221069,-0.593079,0.969635
1.256195,-0.202393,-0.575989
0.619690,0.033295,-0.404144
-0.181946,-0.335754,-0.554779
1.065735,-0.311462,0.715637
-0.435547,-1.093689,0.238129
0.265656,-0.676300,0.101379
-0.532104,-0.581238,0.016266
0.209564,0.021362,0.943756
-0.185272,-0.219879,-0.500122
-0.128326,-1.002228,-0.532898
-0.009949,-0.921082,0.025055
0.694519,-0.653625,0.118866
0.699005,0.152374,-0.932068
0.416016,-0.180420,0.611847
0.539124,-0.417633,0.898987
-0.156067,-0.688843,-0.776947
0.573303,-0.351807,-0.267456
0.914459,-0.229248,0.247162
-0.228302,-0.810852,0.939148
0.131927,-0.477875,0.517517
0.886444,0.216003,-0.852386
0.734070,-0.615936,0.518494
-0.318756,-0.928894,0.737274
0.798828,0.352692,0.650604
0.736633,-0.404297,-0.453674
0.449890,-0.235260,0.842377
-0.636414,-0.845459,0.420807
-0.558472,-0.382599,0.909332
0.161407,-0.095764,0.342194
0.366028,-0.933502,-0.468018
0.919586,-0.435516,-0.340851
-0.785461,-0.559814,0.900330
-0.244141,-0.851959,-0.616486
0.439728,-0.565155,-0.454590
1.096130,-0.068939,0.954010
-0.508881,-0.430054,0.453308
-0.318726,-0.364532,0.863922
0.454712,-0.110992,-0.622314
0.328674,-0.284241,0.508881
0.790558,-0.176910,0.043030
0.336090,-0.786896,0.708191
-0.347504,-1.096527,-0.559570
0.342682,0.144287,0.937836
0.276886,-0.472961,0.912354
0.268341,0.029449,-0.539215
0.585571,-0.605377,1.000549
0.010956,-1.042480,-0.544556
1.226013,-0.177734,-0.650635
1.003082,-0.409576,0.758545
-0.254944,-1.064880,0.347229
0.838684,0.287842,0.512726
1.230743,-0.191895,-0.668732
0.193665,-0.617432,-0.251129
0.955078,-0.449860,-0.421967
0.594666,-0.667542,-0.670929
-0.678802,-0.580414,0.187836
0.726929,-0.624603,0.579346
-0.272766,-1.008698,-0.453888
0.728394,-0.053406,-0.757965
-0.657043,-0.709442,-0.416290
0.312897,-0.272797,-0.850891
0.849304,-0.268555,-0.185791
0.167816,-0.243500,0.826721
0.294983,-0.211975,0.893036
-0.437042,-0.547607,-0.918945
-0.387268,-0.365051,-0.858704
0.307617,-0.541626,0.380798
0.538910,-0.040375,-0.882843
0.445679,0.109741,-0.708313
-0.167969,-0.880341,0.158630
0.666656,-0.309479,0.307617
0.487976,-0.318146,-0.267700
0.575928,-0.032440,-0.627319
-0.139618,-0.289642,-0.668884
0.718384,-0.113129,0.142517
-0.095398,-1.156006,0.586395
0.524994,-0.907806,-0.586731
0.104553,-1.071503,-0.389313
0.635803,0.161743,-0.125061
0.658875,-0.726227,0.012085
1.226807,-0.120911,-0.901062
-0.327576,-1.112366,0.906860
-0.324036,-0.393921,-0.102081
0.559357,-0.027802,0.312408
0.010406,-1.004242,0.954803
0.458191,-0.288696,0.755188
-0.236816,-0.610626,0.169861
0.027100,-0.293701,0.957886
-0.277771,-0.461212,-0.364685
0.486267,-0.478668,-0.725922
0.737915,-0.269440,0.160706
0.177063,0.082062,0.756592
0.342102,-0.162231,0.585602
0.462524,0.133179,-0.316681
1.018677,-0.238678,-0.218262
0.386780,-0.953949,-0.193542
0.804413,0.027924,-0.162598
0.225433,-0.145264,0.325287
0.822296,0.005890,-0.061310
1.323975,-0.349579,-0.750214
0.801178,0.349640,0.144928
-0.035431,-0.525482,0.593811
0.304504,-0.127960,-0.646179
1.029266,-0.001892,0.458405
0.038971,-0.138916,0.367401
-0.671753,-0.575012,0.414825
0.246216,-0.734802,-0.531860
0.526520,-0.231873,0.260406
-0.199585,-1.027130,-0.560669
0.157166,-0.927185,1.046356
-0.216309,-0.213806,0.912109
-0.437775,-0.479401,-0.761169
-0.327881,-1.113983,-0.522095
0.262268,-0.420929,-0.863190
0.604156,0.363892,-0.113495
0.649261,-0.543640,-0.842041
0.391663,-0.351929,-0.387421
-0.295563,-1.237335,1.032166
0.878632,-0.434570,-0.290070
0.723938,-0.428741,-0.394775
0.142059,-0.614899,-0.204987
0.488037,0.247467,0.678070
0.712372,-0.133911,-0.451782
0.848724,0.319519,0.801910
0.550659,-0.569366,0.190216
0.259216,-0.762146,-0.006622
-0.197540,-0.982788,1.041504
0.822235,-0.503418,-0.395874
-0.305054,-0.283691,0.230682
0.709442,-0.110474,-0.021301
-0.019470,-1.011932,0.876495
-0.435333,-0.789215,0.037689
0.601471,0.021179,-0.462341
0.568146,-0.415344,1.003418
-0.659210,-0.800476,0.513947
1.060760,0.118835,0.805267
-0.445923,-0.432556,0.716461
0.426758,-0.656036,0.306671
0.343781,-0.288239,0.493286
1.026794,-0.369110,0.407562
0.022095,-0.576874,-0.919891
0.398346,-0.865082,0.511353
0.554626,-0.524048,0.358215
0.655548,-0.050049,-0.455627
0.763855,0.170227,0.709259
-0.084106,-0.627625,0.238373
0.098511,-1.055084,-0.882172
-0.177582,-0.695221,0.429321
0.134979,-0.609161,0.632416
0.712830,-0.498352,0.549042
0.132965,-0.888519,1.000732
0.511383,-0.961426,-0.871368
-0.159088,-1.125031,-0.413818
0.761566,-0.543854,0.807495
0.516571,-0.611053,-0.801056
-0.490692,-0.824799,-0.323547
0.498962,-0.021393,0.247986
0.564636,0.304413,-0.303192
0.119690,-1.132843,-0.298492
0.416077,-0.023651,0.574219
-0.364105,-0.572388,0.292694
0.117432,-0.162140,-0.826202
0.381775,-0.283630,0.747986
-0.367493,-0.967865,0.630219
0.374146,0.188965,0.494629
0.879578,0.266205,0.151642
-0.158600,-0.718018,-0.817474
0.738037,-0.733124,-0.400757
-0.070404,-0.842987,-0.309631
0.807678,0.369568,0.834442
-0.070648,-0.067749,0.691162
1.150269,-0.168243,0.365143
0.208557,-0.564026,0.716736
0.415985,-0.317566,-0.870605
0.942230,-0.072113,-0.407440
0.920197,-0.453918,-0.369751
0.434082,-0.613373,-0.493378
-0.147705,-0.612946,-0.604095
0.817108,0.059601,0.403687
0.874298,0.429077,0.100647
0.160461,-1.098175,-0.352844
-0.718384,-0.579376,-0.866791
-0.162689,-0.540649,0.053772
0.771820,-0.064789,0.063019
-0.235931,-0.887085,-0.590454
0.708191,-0.491364,-0.045685
1.084106,0.134735,0.098572
0.141388,-0.591583,0.714478
-0.073120,-0.986847,0.758423
0.939850,0.258606,-0.429565
-0.331726,-1.107819,-0.621460
0.225220,-0.921753,-0.729919
1.227631,-0.274963,0.122284
-0.169312,-1.052856,-0.246307
1.127289,-0.037140,0.509460
-0.526581,-0.784729,-0.049683
-0.253174,-0.277649,-0.490967
-0.288422,-0.878021,-0.396942
-0.072540,-0.944336,-0.174133
0.389191,-0.780457,0.690063
-0.254578,-0.824829,-0.083130
0.278290,0.058899,0.971283
1.031219,-0.292938,0.694641
0.296570,-0.245728,-0.479004
0.943359,-0.192261,0.058594
0.561798,-0.152435,0.694275
0.113068,-0.016968,0.387207
0.140961,-1.083801,-0.658569
0.279236,-0.802948,0.421722
0.619171,0.383881,0.935486
0.416534,-0.556213,0.899628
-0.278015,-0.913849,-0.340790
-0.337708,-1.130615,-0.238708
0.135986,-0.058350,-0.396057
0.558136,0.123871,-0.087067
0.792908,0.001312,-0.568573
0.816498,0.255219,0.929840
0.760986,0.065887,0.293640
0.559479,-0.900299,-0.754456
0.992981,-0.135345,0.072540
-0.215302,-0.595459,-0.097290
-0.130035,-0.890594,-0.557343
0.977814,-0.248749,0.956421
0.283661,-0.505951,0.059662
1.158173,-0.168274,0.560394
0.798248,-0.147675,0.376831
0.890076,0.060638,-0.445831
0.446991,-0.159637,0.781006
0.396210,-0.578979,-0.588531
0.327271,0.137695,0.619202
0.569183,-0.523285,0.070343
-0.093170,-0.567078,-0.746246
0.132721,-0.664062,-0.240997
1.077026,-0.224518,-0.904999
-0.513275,-0.615814,0.488220
-0.159363,-0.324310,-0.657257
0.653381,0.332123,0.286133
-0.012085,0.048157,0.838776
0.770966,-0.310638,0.927094
1.186249,-0.213135,0.985962
0.454346,-0.387604,-0.751007
-0.198822,-0.276123,-0.914093
0.271942,-0.952179,-0.609131
1.079010,0.021698,0.217804
0.910156,-0.312164,-0.300659
-0.434448,-0.818024,0.316711
0.782532,-0.055573,0.516022
0.885254,-0.024963,-0.805054
0.055145,-0.566650,-0.279114
1.088318,-0.312164,-0.112854
-0.453827,-0.545685,-0.784973
0.124847,-0.675446,0.647491
1.116882,-0.252380,1.017487
1.005554,-0.331879,0.187927
0.649902,-0.152069,-0.616699
0.807495,0.019501,-0.368530
-0.375916,-0.732422,-0.260773
0.394409,-0.484009,-0.341705
1.033936,-0.398743,0.022522
0.450134,-0.581696,0.016541
0.158112,-0.431824,-0.865112
-0.064270,-0.320770,-0.263275
0.273804,-0.993378,-0.117401
-0.228821,-0.683502,-0.377136
-0.725403,-0.377319,0.922577
0.648071,-0.271545,-0.479126
-0.760590,-0.611176,-0.375000
0.205383,-0.755096,-0.823212
-0.058624,-1.043976,0.488983
0.950897,-0.434204,-0.372498
1.018311,-0.417633,0.446198
0.706421,-0.154846,0.419220
-0.409210,-0.763855,-0.450836
0.881378,-0.206146,-0.036133
0.191711,-0.155823,-0.487885
0.312653,-0.599609,0.324738
-0.469391,-0.752533,-0.777008
0.779816,-0.669647,-0.380371
0.601593,-0.198029,0.592102
0.387970,-0.168060,-0.083344
-0.322510,-0.828064,0.270233
0.426788,0.028229,0.519501
0.270905,-0.404205,-0.439240
0.191223,-0.660095,-0.683319
-0.292511,-0.811768,0.079254
0.511780,-0.759216,0.633881
-0.112946,-1.104828,0.767334
0.720825,-0.749817,-0.405945
0.771729,-0.652405,-0.270447
0.313904,-0.751434,0.226562
0.385498,-0.634521,-0.190643
-0.444061,-0.740021,0.995148
0.973145,0.112122,0.423431
-0.565399,-0.916565,-0.173187
-0.168243,-0.601440,-0.245239
-0.461090,-0.435760,-0.153992
0.591644,-0.767639,-0.860626
-0.270264,-1.090607,-0.812592
1.291351,-0.310760,0.172546
0.062103,-0.179291,-0.879883
0.405212,-0.452301,0.585693
0.002411,-0.793030,-0.885284
-0.400818,-0.968597,-0.805176
0.660004,-0.248352,0.042328
-0.504059,-0.778320,0.350861
-0.254059,-0.552673,-0.414032
0.089447,-0.784210,0.152924
0.595764,-0.562775,-0.742310
-0.473602,-1.048431,0.594482
1.141205,-0.145874,-0.766022
1.140991,-0.273682,0.152344
-0.059509,-1.276764,-0.546356
0.144897,-0.361450,0.858459
-0.391846,-0.496216,0.128204
0.708649,-0.049469,-0.749603
0.280151,0.059662,-0.775543
-0.305695,-1.151764,0.884796
0.889313,0.103485,0.157959
0.496368,-0.498749,0.229553
0.707245,-0.108185,0.744629
0.094849,-1.021729,0.549866
0.740906,0.092163,-0.417664
0.818878,-0.030884,0.419067
-0.251312,-0.923340,0.179749
0.209076,-0.715485,-0.584137
0.277161,0.037109,-0.062805
0.002808,-0.011475,-0.072205
0.829407,-0.371399,-0.204346
-0.012299,-1.097198,-0.296783
0.555573,0.169403,0.052216
0.373535,-0.578094,0.480927
0.901489,-0.348328,1.036438
0.352814,-0.703583,-0.761292
-0.035553,-0.644012,-0.063782
0.227295,-0.669952,0.052765
0.004669,-0.592773,0.876251
0.621216,-0.441284,0.577362
0.972351,-0.334015,-0.857941
0.494873,-0.534424,-0.704559
0.106445,-0.369537,0.669128
-0.472168,-0.626312,0.070435
0.649719,-0.489990,-0.201019
0.839355,-0.410370,0.960297
0.622467,-0.169464,-0.371460
-0.178680,-1.016632,0.487366
-0.476654,-1.076141,0.080048
0.605377,-0.283081,0.454956
0.235138,-0.444183,0.533020
-0.595612,-0.696686,-0.435242
-0.178711,-0.511536,-0.708191
-0.023193,-1.049286,0.205811
0.858276,-0.316589,0.344147
0.444061,-0.097473,0.146027
-0.230316,-0.432373,0.440430
0.557648,0.221771,0.408691
-0.202087,-0.429962,0.147552
0.227173,-0.507446,0.890625
0.897797,0.018921,1.016083
0.759430,-0.374084,0.644897
0.848907,0.306946,0.466888
-0.414062,-1.096344,-0.430420
0.254517,-0.133636,-0.135284
-0.007080,-1.094116,-0.244446
-0.475830,-1.083984,-0.120636
0.238708,-0.022583,-0.592896
0.863586,0.123108,0.289093
0.757568,-0.665161,0.228668
-0.298645,-0.292694,0.978760
-0.763947,-0.377930,0.939575
-0.056793,0.017303,0.877319
0.516022,0.391083,0.607666
0.753021,-0.671967,-0.252441
0.083313,-0.659576,0.718872
-0.369110,-1.184814,-0.601135
-0.091949,-1.054504,-0.713806
0.198242,-0.696136,-0.125000
-0.193481,-0.826111,0.289978
-0.490601,-0.434875,0.443085
0.677338,-0.470184,0.943665
0.421997,0.209808,0.552521
-0.158905,-0.866943,0.386261
0.300690,-0.993774,-0.595917
0.693878,-0.514526,0.021423
0.280518,-0.956512,0.203094
0.191254,0.118286,0.093140
0.074921,-0.510895,1.027161
0.710236,0.067261,0.862366
0.299316,0.175049,0.121460
0.705170,-0.732727,-0.656342
0.620270,-0.085236,-0.704102
0.463776,0.195892,0.271057
-0.161438,-0.364014,0.052856
0.023804,-1.002686,-0.643158
-0.275940,-0.160736,0.256561
-0.649414,-0.588074,-0.153534
0.568573,-0.045837,0.161743
0.361572,-0.381897,-0.269012
0.293823,-0.492889,0.361572
1.010498,-0.553253,-0.889465
0.313263,-0.686218,0.159698
-0.697876,-0.605865,-0.193695
-0.446594,-0.260956,0.987366
-0.215271,-0.304535,0.537781
-0.070801,-0.884888,-0.651428
-0.040894,-1.112976,-0.455994
-0.440704,-0.727692,0.657806
-0.207062,-1.155884,-0.295074
-0.712616,-0.682281,0.042664
-0.479584,-0.384521,-0.485565
-0.601227,-0.789703,-0.517792
0.261353,-0.617157,0.678589
0.459961,-0.746857,-0.398529
0.079071,-0.779572,-0.577850
0.778625,-0.567657,0.817200
-0.562775,-0.440338,0.977600
0.986176,-0.214294,0.034973
0.630859,-0.656586,0.363922
0.075592,-0.986206,-0.072449
-0.217865,-1.077118,-0.235687
0.313782,-0.545319,0.992523
0.627319,-0.822601,-0.367676
-0.213989,-1.229950,-0.334656
1.055847,-0.021606,0.357666
-0.085358,-1.267883,-0.306702
0.492340,-0.606598,0.066284
-0.204865,-1.127167,0.423279
0.138550,-1.011230,-0.639038
-0.323547,-0.378387,0.716553
0.613251,-0.780579,-0.080383
0.412628,-0.853210,-0.450684
0.696564,-0.228424,0.319366
0.587433,-0.713226,-0.016510
-0.211639,-1.000580,0.685486
-0.533844,-0.377991,0.935333
1.038177,-0.406311,-0.636780
0.922760,-0.394379,-0.832336
0.469360,-0.869812,-0.623962
0.506287,-0.487823,0.117065
0.073212,-0.935425,0.749451
0.246948,-0.654327,0.957062
1.013916,-0.109894,-0.566956
-0.405365,-1.136383,0.515289
-0.136383,-0.365082,-0.365356
0.916138,-0.005951,0.625641
0.845734,0.357727,0.089386
1.187469,-0.037567,0.406921
0.410461,-0.760437,0.428162
0.163544,0.080048,0.224609
0.288574,-0.809723,0.119598
0.756866,-0.624359,-0.386169
-0.541199,-1.002258,0.137695
0.678680,-0.067627,-0.209381
0.261841,0.003510,0.493744
-0.576996,-0.809418,0.329651
0.781769,0.023865,0.249023
0.302368,-0.558655,-0.743561
1.020599,-0.489502,0.367981
0.983154,-0.076324,0.825165
-0.109467,-0.655487,-0.632629
0.725616,-0.697479,-0.562164
1.239136,-0.129608,0.707642
0.318451,-0.210205,0.583832
-0.576477,-0.852905,0.004639
-0.197357,-0.582916,-0.556946
0.176300,-0.181091,-0.663971
1.163696,-0.062408,0.141296
0.858551,-0.018188,0.238922
0.351746,-0.594513,0.923370
0.083282,-1.002197,-0.201904
0.457184,-0.587921,-0.067230
0.970886,-0.523682,-0.494629
1.010223,-0.242645,-0.578461
0.549683,-0.707916,-0.645233
0.505524,-0.446472,0.987854
0.095947,-0.422729,0.549164
0.616180,-0.804810,-0.322266
0.845551,-0.041595,0.756500
1.005157,-0.515869,-0.484924
0.708679,-0.191589,-0.922729
-0.679901,-0.601929,-0.612610
1.336273,-0.364868,-0.792755
0.074860,-0.876038,-0.668274
0.215057,-1.081970,-0.812134
0.776917,-0.021637,1.014099
0.169434,-0.954315,-0.587006
0.252197,-0.203979,-0.017059
-0.437012,-0.481842,0.581055
0.421204,-0.540527,-0.321747
0.199524,-0.242004,0.626709
-0.459961,-0.827576,0.708221
0.394897,0.040314,-0.299072
0.120667,-1.000427,-0.284332
0.572540,-0.439606,-0.284546
0.037231,-0.423126,-0.695282
0.698853,0.090302,-0.678192
-0.250122,-1.127991,0.544739
0.459595,-0.516724,0.566437
0.804535,0.488678,-0.109436
-0.052399,-0.712830,0.724304
0.532745,0.073212,-0.867981
1.080688,0.042389,0.904633
-0.140747,-1.119110,0.948212
-0.798309,-0.569763,0.332947
0.378174,-0.285278,0.987152
-0.573669,-0.703613,-0.262451
0.370636,-0.506531,0.331635
0.386261,-0.061005,-0.713806
0.190765,0.069336,0.413574
0.056030,-1.152466,-0.449280
0.437988,-0.734924,-0.841553
-0.197906,-0.046844,0.985901
0.785065,0.395813,0.027985
-0.312988,-0.936127,0.660095
0.668243,-0.346893,-0.164307
0.175385,0.065613,0.758148
0.959076,0.321381,-0.028656
-0.081390,-0.145325,0.986389
0.177734,-0.241699,-0.019928
-0.119324,-0.721741,-0.596771
0.732574,-0.160614,-0.143402
-0.458771,-0.514740,0.379120
0.629669,-0.389008,0.855377
0.840027,-0.313690,-0.208710
0.642700,-0.342041,0.877045
-0.229889,-0.475037,0.459900
0.180176,-0.018219,0.392914
0.875824,-0.338501,-0.459869
0.762512,0.017975,-0.373352
0.454620,-0.052307,0.109985
0.246643,-0.034149,0.508392
0.083282,-0.279663,0.512817
1.068970,0.061035,0.273926
0.445740,-0.826080,0.618042
0.626526,0.130280,-0.257294
0.631958,0.277985,-0.047913
0.552612,-0.498230,0.316650
0.569489,0.223938,0.267822
0.929535,0.280029,0.653961
0.448669,-0.462982,0.862732
0.798401,0.193176,0.545380
-0.589691,-0.567108,0.049500
0.175201,-0.718872,-0.128876
-0.623932,-0.462769,0.179718
-0.638855,-0.388641,0.891449
-0.189575,-1.089264,0.342010
0.525879,0.175446,0.394531
-0.685486,-0.753479,-0.697052
0.902924,-0.154236,0.500946
-0.339233,-1.115662,0.857269
0.543213,0.341858,0.942230
-0.338989,-1.016998,0.550446
0.912994,-0.391174,0.463257
0.763489,-0.345978,-0.254944
0.558350,-0.765869,0.234772
0.498871,-0.604370,0.263916
1.260162,-0.181458,-0.240997
0.849030,0.391296,-0.138611
0.259216,-0.201691,0.964172
0.388885,-0.059387,0.556671
-0.019592,-0.400146,0.504852
0.500458,-0.602997,-0.282104
-0.082458,-0.191101,-0.018219
0.786896,-0.026581,0.060486
0.862946,-0.281036,-0.757660
0.297241,-0.771698,-0.571228
0.870300,0.139740,-0.932343
0.146179,-0.969666,-0.866791
0.207184,-0.767731,-0.110321
0.618591,-0.776215,-0.132751
-0.434326,-0.947693,-0.480347
0.722717,-0.166656,0.784912
-0.040619,0.030701,0.938324
-0.386353,-0.180695,0.574707
0.338440,-0.518250,0.062988
0.888153,-0.526611,-0.421478
0.341583,-0.819824,-0.377655
-0.125885,-1.209930,-0.286255
1.043854,-0.481995,-0.752319
-0.196686,-1.038818,-0.384338
-0.134033,-0.497772,-0.009674
-0.593323,-0.566711,-0.254028
0.914490,0.010529,-0.547882
0.656891,-0.487274,1.026245
